{"cameraMode":{"drawMode":0,"name":"Shaded","section":"Shading Mode"},"sceneLighting":true,"audioPlay":false,"sceneViewState":{"m_AlwaysRefresh":false,"showFog":true,"showSkybox":false,"showFlares":true,"showImageEffects":true,"showParticleSystems":true,"showVisualEffectGraphs":true,"m_FxEnabled":true},"in2DMode":false,"pivot":{"x":-0.03290397673845291,"y":0.07598098367452622,"z":0.32868871092796328},"rotation":{"x":-0.005762850400060415,"y":-0.9290779829025269,"z":-0.01448589377105236,"w":0.3695840835571289},"size":0.09144902229309082,"orthographic":false}