{"cameraMode":{"drawMode":0,"name":"Shaded","section":"Shading Mode"},"sceneLighting":false,"audioPlay":false,"sceneViewState":{"m_AlwaysRefresh":false,"showFog":true,"showSkybox":false,"showFlares":true,"showImageEffects":true,"showParticleSystems":true,"showVisualEffectGraphs":true,"m_FxEnabled":true},"in2DMode":false,"pivot":{"x":0.1006966233253479,"y":0.11953726410865784,"z":0.02627299726009369},"rotation":{"x":0.17863333225250245,"y":0.800959587097168,"z":-0.29083630442619326,"w":0.491935133934021},"size":1.8000173568725587,"orthographic":false}