{"cameraMode":{"drawMode":0,"name":"Shaded","section":"Shading Mode"},"sceneLighting":true,"audioPlay":false,"sceneViewState":{"m_AlwaysRefresh":false,"showFog":true,"showSkybox":false,"showFlares":true,"showImageEffects":true,"showParticleSystems":true,"showVisualEffectGraphs":true,"m_FxEnabled":true},"in2DMode":false,"pivot":{"x":0.01964591071009636,"y":0.014887657016515732,"z":0.3992854356765747},"rotation":{"x":0.06929704546928406,"y":0.08701049536466599,"z":-0.0060434904880821709,"w":0.9938719868659973},"size":0.31273186206817629,"orthographic":false}