{"cameraMode":{"drawMode":0,"name":"Shaded","section":"Shading Mode"},"sceneLighting":true,"audioPlay":false,"sceneViewState":{"m_AlwaysRefresh":false,"showFog":true,"showSkybox":false,"showFlares":true,"showImageEffects":true,"showParticleSystems":true,"showVisualEffectGraphs":true,"m_FxEnabled":true},"in2DMode":false,"pivot":{"x":0.012055497616529465,"y":0.06792546063661576,"z":-0.003448961302638054},"rotation":{"x":0.028486821800470353,"y":0.033609870821237567,"z":-0.0010204584104940296,"w":0.9990771412849426},"size":0.03833923116326332,"orthographic":false}