{"cameraMode":{"drawMode":0,"name":"Shaded","section":"Shading Mode"},"sceneLighting":true,"audioPlay":false,"sceneViewState":{"m_AlwaysRefresh":false,"showFog":true,"showSkybox":false,"showFlares":true,"showImageEffects":true,"showParticleSystems":true,"showVisualEffectGraphs":true,"m_FxEnabled":true},"in2DMode":false,"pivot":{"x":0.06430485844612122,"y":0.1016966924071312,"z":0.12583628296852113},"rotation":{"x":0.007614733185619116,"y":0.9092390537261963,"z":-0.016649939119815828,"w":0.41588094830513},"size":0.09498733282089234,"orthographic":false}