{"cameraMode":{"drawMode":0,"name":"Shaded","section":"Shading Mode"},"sceneLighting":true,"audioPlay":false,"sceneViewState":{"m_AlwaysRefresh":false,"showFog":true,"showSkybox":false,"showFlares":true,"showImageEffects":true,"showParticleSystems":true,"showVisualEffectGraphs":true,"m_FxEnabled":true},"in2DMode":false,"pivot":{"x":0.0907827615737915,"y":-0.5285066366195679,"z":1.2540781497955323},"rotation":{"x":-0.032065052539110187,"y":-0.6515558958053589,"z":0.02758382260799408,"w":-0.7574214339256287},"size":0.9949873685836792,"orthographic":false}