{"cameraMode":{"drawMode":0,"name":"Shaded","section":"Shading Mode"},"sceneLighting":true,"audioPlay":false,"sceneViewState":{"m_AlwaysRefresh":false,"showFog":true,"showSkybox":false,"showFlares":true,"showImageEffects":true,"showParticleSystems":true,"showVisualEffectGraphs":true,"m_FxEnabled":true},"in2DMode":false,"pivot":{"x":-0.45029252767562868,"y":-0.3009949028491974,"z":-0.11710807681083679},"rotation":{"x":-0.10798183083534241,"y":0.8504059314727783,"z":-0.19223198294639588,"w":-0.47770896553993227},"size":0.20501267910003663,"orthographic":false}