{"cameraMode":{"drawMode":0,"name":"Shaded","section":"Shading Mode"},"sceneLighting":true,"audioPlay":false,"sceneViewState":{"m_AlwaysRefresh":false,"showFog":true,"showSkybox":false,"showFlares":true,"showImageEffects":true,"showParticleSystems":true,"showVisualEffectGraphs":true,"m_FxEnabled":true},"in2DMode":false,"pivot":{"x":0.13564294576644898,"y":-0.40926140546798708,"z":0.34888944029808047},"rotation":{"x":-0.18434008955955506,"y":-0.7345333099365234,"z":0.2202431708574295,"w":-0.6147987842559815},"size":1.183193564414978,"orthographic":false}