{"cameraMode":{"drawMode":0,"name":"Shaded","section":"Shading Mode"},"sceneLighting":true,"audioPlay":false,"sceneViewState":{"m_AlwaysRefresh":false,"showFog":true,"showSkybox":false,"showFlares":true,"showImageEffects":true,"showParticleSystems":true,"showVisualEffectGraphs":true,"m_FxEnabled":true},"in2DMode":false,"pivot":{"x":-0.28704163432121279,"y":-0.12720808386802674,"z":0.5997053384780884},"rotation":{"x":-0.030041001737117769,"y":-0.8721041679382324,"z":0.053973399102687839,"w":-0.48540982604026797},"size":0.23327022790908814,"orthographic":false}