{"cameraMode":{"drawMode":0,"name":"Shaded","section":"Shading Mode"},"sceneLighting":true,"audioPlay":false,"sceneViewState":{"m_AlwaysRefresh":false,"showFog":true,"showSkybox":true,"showFlares":true,"showImageEffects":true,"showParticleSystems":true,"showVisualEffectGraphs":true,"m_FxEnabled":true},"in2DMode":false,"pivot":{"x":-3.6549243927001955,"y":-2.685476779937744,"z":16.359798431396486},"rotation":{"x":0.15553894639015199,"y":-0.20290301740169526,"z":0.03268173336982727,"w":0.9662371277809143},"size":6.411088466644287,"orthographic":false}