{"cameraMode":{"drawMode":0,"name":"Shaded","section":"Shading Mode"},"sceneLighting":true,"audioPlay":false,"sceneViewState":{"m_AlwaysRefresh":false,"showFog":true,"showSkybox":true,"showFlares":true,"showImageEffects":true,"showParticleSystems":true,"showVisualEffectGraphs":true,"m_FxEnabled":true},"in2DMode":false,"pivot":{"x":-0.7738284468650818,"y":2.240035057067871,"z":0.4767270088195801},"rotation":{"x":-0.011383787728846074,"y":-0.9696081280708313,"z":-0.04598543420433998,"w":0.2400459200143814},"size":1.182072639465332,"orthographic":false}