{"cameraMode":{"drawMode":0,"name":"Shaded","section":"Shading Mode"},"sceneLighting":true,"audioPlay":false,"sceneViewState":{"m_AlwaysRefresh":false,"showFog":true,"showSkybox":true,"showFlares":true,"showImageEffects":true,"showParticleSystems":true,"showVisualEffectGraphs":true,"m_FxEnabled":true},"in2DMode":false,"pivot":{"x":0.5407341718673706,"y":1.194291353225708,"z":-0.7911812663078308},"rotation":{"x":0.04526372626423836,"y":-0.1973833441734314,"z":-0.009123479947447777,"w":-0.9792394042015076},"size":1.4594619274139405,"orthographic":false}