{"cameraMode":{"drawMode":0,"name":"Shaded","section":"Shading Mode"},"sceneLighting":true,"audioPlay":false,"sceneViewState":{"m_AlwaysRefresh":false,"showFog":true,"showSkybox":true,"showFlares":true,"showImageEffects":true,"showParticleSystems":true,"showVisualEffectGraphs":true,"m_FxEnabled":true},"in2DMode":false,"pivot":{"x":-1.5318509340286255,"y":-0.5918042659759522,"z":6.911111831665039},"rotation":{"x":-0.25540706515312197,"y":0.06748867779970169,"z":-0.01789596676826477,"w":-0.9643387198448181},"size":3.3768675327301027,"orthographic":false}