{"cameraMode":{"drawMode":0,"name":"Shaded","section":"Shading Mode"},"sceneLighting":true,"audioPlay":false,"sceneViewState":{"m_AlwaysRefresh":false,"showFog":true,"showSkybox":true,"showFlares":true,"showImageEffects":true,"showParticleSystems":true,"showVisualEffectGraphs":true,"m_FxEnabled":true},"in2DMode":false,"pivot":{"x":10.681838989257813,"y":-7.4997029304504398,"z":49.785160064697269},"rotation":{"x":0.07701580226421356,"y":0.09020081162452698,"z":-0.0070002079010009769,"w":0.9929266571998596},"size":24.555843353271486,"orthographic":false}