{"cameraMode":{"drawMode":0,"name":"Shaded","section":"Shading Mode"},"sceneLighting":true,"audioPlay":false,"sceneViewState":{"m_AlwaysRefresh":false,"showFog":true,"showSkybox":true,"showFlares":true,"showImageEffects":true,"showParticleSystems":true,"showVisualEffectGraphs":true,"m_FxEnabled":true},"in2DMode":false,"pivot":{"x":3.269157886505127,"y":-0.6642725467681885,"z":2.9443655014038088},"rotation":{"x":-0.07854702323675156,"y":-0.3322387635707855,"z":0.027776028960943223,"w":-0.9395188689231873},"size":-0.7854796648025513,"orthographic":false}