{"cameraMode":{"drawMode":0,"name":"Shaded","section":"Shading Mode"},"sceneLighting":true,"audioPlay":false,"sceneViewState":{"m_AlwaysRefresh":false,"showFog":true,"showSkybox":false,"showFlares":true,"showImageEffects":true,"showParticleSystems":true,"showVisualEffectGraphs":true,"m_FxEnabled":true},"in2DMode":false,"pivot":{"x":-0.4598035216331482,"y":0.18345850706100465,"z":0.5590512156486511},"rotation":{"x":-0.03001449629664421,"y":-0.937654972076416,"z":-0.08375844359397888,"w":0.33602088689804079},"size":0.3949873447418213,"orthographic":false}