{"cameraMode":{"drawMode":0,"name":"Shaded","section":"Shading Mode"},"sceneLighting":true,"audioPlay":false,"sceneViewState":{"m_AlwaysRefresh":false,"showFog":true,"showSkybox":false,"showFlares":true,"showImageEffects":true,"showParticleSystems":true,"showVisualEffectGraphs":true,"m_FxEnabled":true},"in2DMode":false,"pivot":{"x":-0.2719024419784546,"y":0.19333644211292268,"z":0.1036166325211525},"rotation":{"x":-0.027729453518986703,"y":-0.8599600195884705,"z":-0.04699281230568886,"w":0.507459282875061},"size":0.3949873447418213,"orthographic":false}