{"cameraMode":{"drawMode":0,"name":"Shaded","section":"Shading Mode"},"sceneLighting":true,"audioPlay":false,"sceneViewState":{"m_AlwaysRefresh":false,"showFog":true,"showSkybox":false,"showFlares":true,"showImageEffects":true,"showParticleSystems":true,"showVisualEffectGraphs":true,"m_FxEnabled":true},"in2DMode":false,"pivot":{"x":-0.1232321485877037,"y":0.10101046413183212,"z":0.10593920946121216},"rotation":{"x":-0.0007147214491851628,"y":-0.9398576021194458,"z":-0.0019646419677883388,"w":0.34159037470817568},"size":0.09498733282089234,"orthographic":false}