{"cameraMode":{"drawMode":0,"name":"Shaded","section":"Shading Mode"},"sceneLighting":true,"audioPlay":false,"sceneViewState":{"m_AlwaysRefresh":false,"showFog":true,"showSkybox":false,"showFlares":true,"showImageEffects":true,"showParticleSystems":true,"showVisualEffectGraphs":true,"m_FxEnabled":true},"in2DMode":false,"pivot":{"x":0.06614677608013153,"y":-0.4202866554260254,"z":0.1558590531349182},"rotation":{"x":-0.002409654203802347,"y":0.0014965588925406337,"z":-0.0000026606214760249715,"w":-1.0000041723251343},"size":1.0737872123718262,"orthographic":false}