{"cameraMode":{"drawMode":0,"name":"Shaded","section":"Shading Mode"},"sceneLighting":true,"audioPlay":false,"sceneViewState":{"m_AlwaysRefresh":false,"showFog":true,"showSkybox":false,"showFlares":true,"showImageEffects":true,"showParticleSystems":true,"showVisualEffectGraphs":true,"m_FxEnabled":true},"in2DMode":false,"pivot":{"x":1.042754054069519,"y":0.20062357187271119,"z":-0.0681755542755127},"rotation":{"x":-0.22004181146621705,"y":0.20083031058311463,"z":-0.04634778946638107,"w":-0.9534674286842346},"size":0.003267526626586914,"orthographic":false}