{"cameraMode":{"drawMode":0,"name":"Shaded","section":"Shading Mode"},"sceneLighting":true,"audioPlay":false,"sceneViewState":{"m_AlwaysRefresh":false,"showFog":true,"showSkybox":false,"showFlares":true,"showImageEffects":true,"showParticleSystems":true,"showVisualEffectGraphs":true,"m_FxEnabled":true},"in2DMode":false,"pivot":{"x":0.15936988592147828,"y":-0.2521127462387085,"z":-0.12603788077831269},"rotation":{"x":-0.05768844112753868,"y":-0.6289970874786377,"z":0.046890418976545337,"w":-0.7738544344902039},"size":0.5780872106552124,"orthographic":false}