{"cameraMode":{"drawMode":0,"name":"Shaded","section":"Shading Mode"},"sceneLighting":true,"audioPlay":false,"sceneViewState":{"m_AlwaysRefresh":false,"showFog":true,"showSkybox":false,"showFlares":true,"showImageEffects":true,"showParticleSystems":true,"showVisualEffectGraphs":true,"m_FxEnabled":true},"in2DMode":false,"pivot":{"x":0.06410419940948487,"y":0.11265723407268524,"z":0.14604806900024415},"rotation":{"x":-0.11490538716316223,"y":-0.45789429545402529,"z":0.05982297286391258,"w":-0.8795251846313477},"size":2.4949872493743898,"orthographic":false}