{"cameraMode":{"drawMode":0,"name":"Shaded","section":"Shading Mode"},"sceneLighting":true,"audioPlay":false,"sceneViewState":{"m_AlwaysRefresh":false,"showFog":true,"showSkybox":false,"showFlares":true,"showImageEffects":true,"showParticleSystems":true,"showVisualEffectGraphs":true,"m_FxEnabled":true},"in2DMode":false,"pivot":{"x":151.5164031982422,"y":213.440185546875,"z":-3.9698781967163088},"rotation":{"x":0.008690092712640763,"y":0.0065966215915977959,"z":0.00005725114533561282,"w":-0.9999405741691589},"size":42.36585235595703,"orthographic":false}