{"cameraMode":{"drawMode":0,"name":"Shaded","section":"Shading Mode"},"sceneLighting":false,"audioPlay":false,"sceneViewState":{"m_AlwaysRefresh":false,"showFog":true,"showSkybox":false,"showFlares":true,"showImageEffects":true,"showParticleSystems":true,"showVisualEffectGraphs":true,"m_FxEnabled":true},"in2DMode":false,"pivot":{"x":-0.024525105953216554,"y":-0.011873424053192139,"z":0.4268951117992401},"rotation":{"x":0.10658144950866699,"y":0.8793660402297974,"z":-0.23374812304973603,"w":0.40093758702278139},"size":0.7562205195426941,"orthographic":false}