{"cameraMode":{"drawMode":0,"name":"Shaded","section":"Shading Mode"},"sceneLighting":true,"audioPlay":false,"sceneViewState":{"m_AlwaysRefresh":false,"showFog":true,"showSkybox":false,"showFlares":true,"showImageEffects":true,"showParticleSystems":true,"showVisualEffectGraphs":true,"m_FxEnabled":true},"in2DMode":false,"pivot":{"x":0.05119208246469498,"y":0.03926713764667511,"z":-0.008350484073162079},"rotation":{"x":-0.016834532842040063,"y":-0.973579466342926,"z":0.0763968750834465,"w":-0.21453772485256196},"size":0.09498733282089234,"orthographic":false}