{"cameraMode":{"drawMode":0,"name":"Shaded","section":"Shading Mode"},"sceneLighting":true,"audioPlay":false,"sceneViewState":{"m_AlwaysRefresh":false,"showFog":true,"showSkybox":false,"showFlares":true,"showImageEffects":true,"showParticleSystems":true,"showVisualEffectGraphs":true,"m_FxEnabled":true},"in2DMode":false,"pivot":{"x":1.6070209741592408,"y":-0.04857691377401352,"z":-1.2960915565490723},"rotation":{"x":0.007614733185619116,"y":0.9092390537261963,"z":-0.016649939119815828,"w":0.41588094830513},"size":1.432887315750122,"orthographic":false}