{"cameraMode":{"drawMode":0,"name":"Shaded","section":"Shading Mode"},"sceneLighting":true,"audioPlay":false,"sceneViewState":{"m_AlwaysRefresh":false,"showFog":true,"showSkybox":false,"showFlares":true,"showImageEffects":true,"showParticleSystems":true,"showVisualEffectGraphs":true,"m_FxEnabled":true},"in2DMode":false,"pivot":{"x":1.808324933052063,"y":0.09278359264135361,"z":1.3954598903656006},"rotation":{"x":-0.01129131019115448,"y":0.4823773205280304,"z":0.006217923015356064,"w":0.875873327255249},"size":1.132887363433838,"orthographic":false}