{"cameraMode":{"drawMode":0,"name":"Shaded","section":"Shading Mode"},"sceneLighting":true,"audioPlay":false,"sceneViewState":{"m_AlwaysRefresh":false,"showFog":true,"showSkybox":false,"showFlares":true,"showImageEffects":true,"showParticleSystems":true,"showVisualEffectGraphs":true,"m_FxEnabled":true},"in2DMode":false,"pivot":{"x":-0.008572220802307129,"y":0.4675961434841156,"z":-0.07485690712928772},"rotation":{"x":0.33987993001937868,"y":0.25388550758361819,"z":-0.09582287818193436,"w":0.9004808664321899},"size":0.5020882487297058,"orthographic":false}