{"cameraMode":{"drawMode":0,"name":"Shaded","section":"Shading Mode"},"sceneLighting":true,"audioPlay":false,"sceneViewState":{"m_AlwaysRefresh":false,"showFog":true,"showSkybox":false,"showFlares":true,"showImageEffects":true,"showParticleSystems":true,"showVisualEffectGraphs":true,"m_FxEnabled":true},"in2DMode":false,"pivot":{"x":0.5121856927871704,"y":-0.09970724582672119,"z":0.040288761258125308},"rotation":{"x":0.020829642191529275,"y":0.8497152328491211,"z":0.5257593393325806,"w":-0.03366602212190628},"size":1.0014655590057374,"orthographic":false}