{"cameraMode":{"drawMode":0,"name":"Shaded","section":"Shading Mode"},"sceneLighting":true,"audioPlay":false,"sceneViewState":{"m_AlwaysRefresh":false,"showFog":true,"showSkybox":false,"showFlares":true,"showImageEffects":true,"showParticleSystems":true,"showVisualEffectGraphs":true,"m_FxEnabled":true},"in2DMode":false,"pivot":{"x":-0.000031226445571519434,"y":-0.0000018624068616190926,"z":-0.000002102764483424835},"rotation":{"x":0.17575576901435853,"y":-0.2662270963191986,"z":0.04950382933020592,"w":0.9465444684028626},"size":5.100017547607422,"orthographic":false}