{"cameraMode":{"drawMode":0,"name":"Shaded","section":"Shading Mode"},"sceneLighting":true,"audioPlay":false,"sceneViewState":{"m_AlwaysRefresh":false,"showFog":true,"showSkybox":false,"showFlares":true,"showImageEffects":true,"showParticleSystems":true,"showVisualEffectGraphs":true,"m_FxEnabled":true},"in2DMode":false,"pivot":{"x":-0.044913195073604587,"y":2.0583529472351076,"z":0.024292349815368654},"rotation":{"x":0.04470789059996605,"y":-0.15758076310157777,"z":-0.007143370807170868,"w":-0.986473023891449},"size":0.37071067094802859,"orthographic":false}