{"cameraMode":{"drawMode":0,"name":"Shaded","section":"Shading Mode"},"sceneLighting":false,"audioPlay":false,"sceneViewState":{"m_AlwaysRefresh":false,"showFog":true,"showSkybox":false,"showFlares":true,"showImageEffects":true,"showParticleSystems":true,"showVisualEffectGraphs":true,"m_FxEnabled":true},"in2DMode":false,"pivot":{"x":-6.332993507385254e-8,"y":-0.0000151805579662323,"z":-0.027534931898117067},"rotation":{"x":0.45856934785842898,"y":0.1313956081867218,"z":-0.06870122998952866,"w":0.8762949705123901},"size":0.3048691749572754,"orthographic":false}