{"cameraMode":{"drawMode":0,"name":"Shaded","section":"Shading Mode"},"sceneLighting":true,"audioPlay":false,"sceneViewState":{"m_AlwaysRefresh":false,"showFog":true,"showSkybox":false,"showFlares":true,"showImageEffects":true,"showParticleSystems":true,"showVisualEffectGraphs":true,"m_FxEnabled":true},"in2DMode":false,"pivot":{"x":0.9041129350662231,"y":0.16335144639015199,"z":-0.08252334594726563},"rotation":{"x":0.029262593016028405,"y":-0.7885474562644959,"z":-0.03763455152511597,"w":-0.6131254434585571},"size":0.8050126433372498,"orthographic":false}