{"cameraMode":{"drawMode":0,"name":"Shaded","section":"Shading Mode"},"sceneLighting":true,"audioPlay":false,"sceneViewState":{"m_AlwaysRefresh":false,"showFog":true,"showSkybox":false,"showFlares":true,"showImageEffects":true,"showParticleSystems":true,"showVisualEffectGraphs":true,"m_FxEnabled":true},"in2DMode":false,"pivot":{"x":-0.04549846798181534,"y":0.017644144594669343,"z":0.16727565228939057},"rotation":{"x":0.03837621212005615,"y":-0.6119580268859863,"z":-0.029777251183986665,"w":-0.7894396781921387},"size":0.04276466369628906,"orthographic":false}