{"cameraMode":{"drawMode":0,"name":"Shaded","section":"Shading Mode"},"sceneLighting":true,"audioPlay":false,"sceneViewState":{"m_AlwaysRefresh":false,"showFog":true,"showSkybox":false,"showFlares":true,"showImageEffects":true,"showParticleSystems":true,"showVisualEffectGraphs":true,"m_FxEnabled":true},"in2DMode":false,"pivot":{"x":0.04630240797996521,"y":-0.026911284774541856,"z":0.11539565026760102},"rotation":{"x":0.03053760714828968,"y":-0.7201009392738342,"z":-0.03178635612130165,"w":-0.692516565322876},"size":0.47010552883148196,"orthographic":false}