{"cameraMode":{"drawMode":0,"name":"Shaded","section":"Shading Mode"},"sceneLighting":true,"audioPlay":false,"sceneViewState":{"m_AlwaysRefresh":false,"showFog":true,"showSkybox":false,"showFlares":true,"showImageEffects":true,"showParticleSystems":true,"showVisualEffectGraphs":true,"m_FxEnabled":true},"in2DMode":false,"pivot":{"x":0.07527343928813935,"y":0.0026118955574929716,"z":0.06452032923698425},"rotation":{"x":0.007614733185619116,"y":0.9092390537261963,"z":-0.016649939119815828,"w":0.41588094830513},"size":0.3949873447418213,"orthographic":false}