{"cameraMode":{"drawMode":0,"name":"Shaded","section":"Shading Mode"},"sceneLighting":false,"audioPlay":false,"sceneViewState":{"m_AlwaysRefresh":false,"showFog":true,"showSkybox":false,"showFlares":true,"showImageEffects":true,"showParticleSystems":true,"showVisualEffectGraphs":true,"m_FxEnabled":true},"in2DMode":false,"pivot":{"x":-2.0262749195098879,"y":0.9532918930053711,"z":94.651611328125},"rotation":{"x":-0.0075525688007473949,"y":-0.7244954705238342,"z":-0.008124323561787606,"w":0.6893065571784973},"size":1.1828958988189698,"orthographic":false}