{"cameraMode":{"drawMode":0,"name":"Shaded","section":"Shading Mode"},"sceneLighting":true,"audioPlay":false,"sceneViewState":{"m_AlwaysRefresh":false,"showFog":true,"showSkybox":false,"showFlares":true,"showImageEffects":true,"showParticleSystems":true,"showVisualEffectGraphs":true,"m_FxEnabled":true},"in2DMode":false,"pivot":{"x":-0.03380206227302551,"y":0.04005799815058708,"z":0.15745699405670167},"rotation":{"x":0.1099221259355545,"y":0.6416961550712586,"z":-0.09364740550518036,"w":0.7532553672790527},"size":0.3949873447418213,"orthographic":false}