{"cameraMode":{"drawMode":0,"name":"Shaded","section":"Shading Mode"},"sceneLighting":true,"audioPlay":false,"sceneViewState":{"m_AlwaysRefresh":false,"showFog":true,"showSkybox":false,"showFlares":true,"showImageEffects":true,"showParticleSystems":true,"showVisualEffectGraphs":true,"m_FxEnabled":true},"in2DMode":false,"pivot":{"x":-0.10562143474817276,"y":-0.3404340445995331,"z":0.17859911918640138},"rotation":{"x":-0.05182710662484169,"y":-0.8443928360939026,"z":-0.0830979198217392,"w":0.526735782623291},"size":0.9669539332389832,"orthographic":false}