{"cameraMode":{"drawMode":0,"name":"Shaded","section":"Shading Mode"},"sceneLighting":true,"audioPlay":false,"sceneViewState":{"m_AlwaysRefresh":false,"showFog":true,"showSkybox":false,"showFlares":true,"showImageEffects":true,"showParticleSystems":true,"showVisualEffectGraphs":true,"m_FxEnabled":true},"in2DMode":false,"pivot":{"x":-0.0521271675825119,"y":-0.4118085503578186,"z":-1.256601095199585},"rotation":{"x":0.001560716424137354,"y":-0.9943099021911621,"z":0.10570239275693894,"w":0.014654990285634995},"size":1.3272106647491456,"orthographic":false}