{"cameraMode":{"drawMode":0,"name":"Shaded","section":"Shading Mode"},"sceneLighting":true,"audioPlay":false,"sceneViewState":{"m_AlwaysRefresh":false,"showFog":true,"showSkybox":false,"showFlares":true,"showImageEffects":true,"showParticleSystems":true,"showVisualEffectGraphs":true,"m_FxEnabled":true},"in2DMode":false,"pivot":{"x":-0.02354412153363228,"y":-0.998836874961853,"z":-1.053147315979004},"rotation":{"x":0.0025477518793195488,"y":-0.9969903826713562,"z":0.06831016391515732,"w":0.03714299201965332},"size":1.5023126602172852,"orthographic":false}