{"cameraMode":{"drawMode":0,"name":"Shaded","section":"Shading Mode"},"sceneLighting":true,"audioPlay":false,"sceneViewState":{"m_AlwaysRefresh":false,"showFog":true,"showSkybox":false,"showFlares":true,"showImageEffects":true,"showParticleSystems":true,"showVisualEffectGraphs":true,"m_FxEnabled":true},"in2DMode":false,"pivot":{"x":0.3923523426055908,"y":-0.37142595648765566,"z":0.7014586329460144},"rotation":{"x":-0.0007147214491851628,"y":-0.9398576021194458,"z":-0.0019646419677883388,"w":0.34159037470817568},"size":0.40872132778167727,"orthographic":false}