{"cameraMode":{"drawMode":0,"name":"Shaded","section":"Shading Mode"},"sceneLighting":true,"audioPlay":false,"sceneViewState":{"m_AlwaysRefresh":false,"showFog":true,"showSkybox":false,"showFlares":true,"showImageEffects":true,"showParticleSystems":true,"showVisualEffectGraphs":true,"m_FxEnabled":true},"in2DMode":false,"pivot":{"x":-0.0000024586915969848634,"y":-0.3746570944786072,"z":0.17845237255096436},"rotation":{"x":0.13170886039733888,"y":-0.10949176549911499,"z":0.014639439061284066,"w":0.9851258397102356},"size":0.1762925386428833,"orthographic":false}