{"cameraMode":{"drawMode":0,"name":"Shaded","section":"Shading Mode"},"sceneLighting":false,"audioPlay":false,"sceneViewState":{"m_AlwaysRefresh":false,"showFog":true,"showSkybox":false,"showFlares":true,"showImageEffects":true,"showParticleSystems":true,"showVisualEffectGraphs":true,"m_FxEnabled":true},"in2DMode":false,"pivot":{"x":-0.6836490631103516,"y":-0.09921558201313019,"z":1.0518800020217896},"rotation":{"x":-0.15519291162490846,"y":0.7051297426223755,"z":-0.16273629665374757,"w":-0.672500729560852},"size":2.5593268871307375,"orthographic":false}