{"cameraMode":{"drawMode":0,"name":"Shaded","section":"Shading Mode"},"sceneLighting":true,"audioPlay":false,"sceneViewState":{"m_AlwaysRefresh":false,"showFog":true,"showSkybox":false,"showFlares":true,"showImageEffects":true,"showParticleSystems":true,"showVisualEffectGraphs":true,"m_FxEnabled":true},"in2DMode":false,"pivot":{"x":-0.032438140362501147,"y":0.1388423591852188,"z":-0.058222196996212009},"rotation":{"x":0.03211084380745888,"y":0.1297619789838791,"z":0.004203309770673513,"w":-0.9910236597061157},"size":2.4949872493743898,"orthographic":false}