{"cameraMode":{"drawMode":0,"name":"Shaded","section":"Shading Mode"},"sceneLighting":true,"audioPlay":false,"sceneViewState":{"m_AlwaysRefresh":false,"showFog":true,"showSkybox":false,"showFlares":true,"showImageEffects":true,"showParticleSystems":true,"showVisualEffectGraphs":true,"m_FxEnabled":true},"in2DMode":false,"pivot":{"x":0.2671872079372406,"y":0.1427111178636551,"z":-0.17898434400558473},"rotation":{"x":0.03734296187758446,"y":-0.23285891115665437,"z":0.008949381299316883,"w":0.9717628955841065},"size":0.09498733282089234,"orthographic":false}