{"cameraMode":{"drawMode":0,"name":"Shaded","section":"Shading Mode"},"sceneLighting":true,"audioPlay":false,"sceneViewState":{"m_AlwaysRefresh":false,"showFog":true,"showSkybox":false,"showFlares":true,"showImageEffects":true,"showParticleSystems":true,"showVisualEffectGraphs":true,"m_FxEnabled":true},"in2DMode":false,"pivot":{"x":-0.13520561158657075,"y":-0.5548847317695618,"z":0.5579072833061218},"rotation":{"x":0.04622911661863327,"y":-0.7809760570526123,"z":0.058219753205776218,"w":0.6201381087303162},"size":0.6669539213180542,"orthographic":false}