{"cameraMode":{"drawMode":0,"name":"Shaded","section":"Shading Mode"},"sceneLighting":false,"audioPlay":false,"sceneViewState":{"m_AlwaysRefresh":false,"showFog":true,"showSkybox":false,"showFlares":true,"showImageEffects":true,"showParticleSystems":true,"showVisualEffectGraphs":true,"m_FxEnabled":true},"in2DMode":false,"pivot":{"x":-0.0010999981313943863,"y":0.04302961379289627,"z":-0.11408974230289459},"rotation":{"x":0.08211654424667359,"y":0.29704755544662478,"z":-0.025589419528841974,"w":0.9510807394981384},"size":0.0281969141215086,"orthographic":false}