{"cameraMode":{"drawMode":0,"name":"Shaded","section":"Shading Mode"},"sceneLighting":true,"audioPlay":false,"sceneViewState":{"m_AlwaysRefresh":false,"showFog":true,"showSkybox":false,"showFlares":true,"showImageEffects":true,"showParticleSystems":true,"showVisualEffectGraphs":true,"m_FxEnabled":true},"in2DMode":false,"pivot":{"x":-0.040275752544403079,"y":-0.0565333366394043,"z":0.1804559826850891},"rotation":{"x":0.007614733185619116,"y":0.9092390537261963,"z":-0.016649939119815828,"w":0.41588094830513},"size":0.7735158205032349,"orthographic":false}