{"cameraMode":{"drawMode":0,"name":"Shaded","section":"Shading Mode"},"sceneLighting":true,"audioPlay":false,"sceneViewState":{"m_AlwaysRefresh":false,"showFog":true,"showSkybox":false,"showFlares":true,"showImageEffects":true,"showParticleSystems":true,"showVisualEffectGraphs":true,"m_FxEnabled":true},"in2DMode":false,"pivot":{"x":-0.20420445501804353,"y":-0.01980879157781601,"z":0.3144916296005249},"rotation":{"x":-0.09683741629123688,"y":-0.3540083169937134,"z":0.03688241168856621,"w":-0.9294850826263428},"size":0.09498733282089234,"orthographic":false}